{
    "note.f10": {"sounds": [{"name": "note/f0"}],"subtitle": "music"},
    "note.f11": {"sounds": [{"name": "note/f1"}],"subtitle": "music"},
    "note.f12": {"sounds": [{"name": "note/f2"}],"subtitle": "music"},
    "note.f13": {"sounds": [{"name": "note/f3"}],"subtitle": "music"},
    "note.f14": {"sounds": [{"name": "note/f4"}],"subtitle": "music"},
    "note.f15": {"sounds": [{"name": "note/f5"}],"subtitle": "music"},
    "note.f16": {"sounds": [{"name": "note/f6"}],"subtitle": "music"},
    "note.f17": {"sounds": [{"name": "note/f7"}],"subtitle": "music"},
    "note.f20": {"sounds": [{"name": "note/f0"}],"subtitle": "music"},
    "note.f21": {"sounds": [{"name": "note/f1"}],"subtitle": "music"},
    "note.f22": {"sounds": [{"name": "note/f2"}],"subtitle": "music"},
    "note.f23": {"sounds": [{"name": "note/f3"}],"subtitle": "music"},
    "note.f24": {"sounds": [{"name": "note/f4"}],"subtitle": "music"},
    "note.f25": {"sounds": [{"name": "note/f5"}],"subtitle": "music"},
    "note.f26": {"sounds": [{"name": "note/f6"}],"subtitle": "music"},
    "note.f27": {"sounds": [{"name": "note/f7"}],"subtitle": "music"},
    "note.f30": {"sounds": [{"name": "note/f0"}],"subtitle": "music"},
    "note.f31": {"sounds": [{"name": "note/f1"}],"subtitle": "music"},
    "note.f32": {"sounds": [{"name": "note/f2"}],"subtitle": "music"},
    "note.f33": {"sounds": [{"name": "note/f3"}],"subtitle": "music"},
    "note.f34": {"sounds": [{"name": "note/f4"}],"subtitle": "music"},
    "note.f35": {"sounds": [{"name": "note/f5"}],"subtitle": "music"},
    "note.f36": {"sounds": [{"name": "note/f6"}],"subtitle": "music"},
    "note.f37": {"sounds": [{"name": "note/f7"}],"subtitle": "music"}
}