{
    "note.f1": {
        "sounds": [
            {
                "name": "note/f1"
            }
        ],
        "subtitle": "music"
    },
    "note.f2": {
        "sounds": [
            {
                "name": "note/f2"
            }
        ],
        "subtitle": "music"
    },
    "note.f3": {
        "sounds": [
            {
                "name": "note/f3"
            }
        ],
        "subtitle": "music"
    },
    "note.f4": {
        "sounds": [
            {
                "name": "note/f4"
            }
        ],
        "subtitle": "music"
    },
    "note.f5": {
        "sounds": [
            {
                "name": "note/f5"
            }
        ],
        "subtitle": "music"
    }
}